Hue,Saturation,Value,Red,Green,Blue,Label
26.61111111111111,165.87777777777777,130.46666666666667,45.62222222222222,120.84444444444445,130.46666666666667,yellow
26.33125,166.0875,131.01875,45.75,120.68125,130.99375,yellow
25.58125,169.55,132.70625,44.5125,119.79375,132.70625,yellow
25.69375,169.45,132.69375,44.58125,120.125,132.69375,yellow
25.56875,170.6125,132.51875,43.89375,119.725,132.51875,yellow
25.56875,170.6125,132.51875,43.89375,119.725,132.51875,yellow
25.275,170.7,127.5625,42.19375,114.11875,127.5625,yellow
25.275,170.7,127.5625,42.19375,114.11875,127.5625,yellow
25.08125,180.03125,131.175,38.59375,116.08125,131.175,yellow
24.95625,180.35625,131.70625,38.575,115.96875,131.70625,yellow
44.04375,124.925,76.475,39.01875,76.475,59.0625,yellow
44.04375,124.925,76.475,39.01875,76.475,59.0625,yellow
44.464285714285715,123.10714285714286,77.375,40.00595238095238,77.375,59.43452380952381,yellow
44.464285714285715,123.10714285714286,77.375,40.00595238095238,77.375,59.43452380952381,yellow
44.23125,124.7375,76.68125,39.1625,76.68125,59.025,yellow
44.23125,124.7375,76.68125,39.1625,76.68125,59.025,yellow
47.475,117.75,78.15625,42.06875,78.15625,57.01875,yellow
47.475,117.75,78.15625,42.06875,78.15625,57.01875,yellow
43.3875,121.45,83.64375,43.81875,83.64375,65.925,yellow
43.3875,121.45,83.64375,43.81875,83.64375,65.925,yellow
24.91875,167.35,132.7,45.60625,117.91875,132.7,yellow
42.19375,128.6,84.5,41.8875,84.5,67.21875,yellow
42.19375,128.6,84.5,41.8875,84.5,67.21875,yellow
25.7625,172.9875,93.43125,30.09375,84.2375,93.43125,yellow
25.85625,173.6375,93.275,29.80625,84.375,93.275,yellow
27.95625,169.45625,85.725,28.78125,81.69375,85.59375,yellow
27.775,169.90625,86.13125,28.74375,81.7,86.03125,yellow
29.470238095238095,167.25595238095238,81.36309523809524,28.023809523809526,79.60714285714286,80.45833333333333,yellow
29.68125,169.11875,81.66875,27.53125,79.825,80.43125,yellow
38.0,115.20625,89.2375,48.89375,89.2375,78.45,yellow
38.0,115.20625,89.2375,48.89375,89.2375,78.45,yellow
34.857142857142854,116.7797619047619,123.23809523809524,66.75595238095238,123.23809523809524,114.26785714285714,yellow
36.46875,111.8,91.4375,51.31875,91.4375,82.7875,yellow
36.46875,111.8,91.4375,51.31875,91.4375,82.7875,yellow
38.5,122.2125,92.35625,48.0875,92.35625,80.03125,yellow
38.5,122.2125,92.35625,48.0875,92.35625,80.03125,yellow
29.803571428571427,166.74404761904762,79.70238095238095,27.553571428571427,77.92261904761905,78.11904761904762,yellow
29.78125,165.875,79.70625,27.8125,77.85625,78.0875,yellow
35.96875,134.89375,82.99375,39.1125,82.99375,74.28125,yellow
35.96875,134.89375,82.99375,39.1125,82.99375,74.28125,yellow
34.825,131.3125,84.875,41.1375,84.85,77.525,yellow
34.825,131.3125,84.875,41.1375,84.85,77.525,yellow
34.89375,118.39375,123.69375,66.2375,123.69375,114.4875,yellow
33.9,125.6375,88.15,44.6625,88.08125,82.26875,yellow
33.9,125.6375,88.15,44.6625,88.08125,82.26875,yellow
26.58125,156.85625,112.325,43.2375,104.16875,112.325,yellow
26.575,157.04375,112.68125,43.3,104.2875,112.68125,yellow
27.6,159.4625,107.875,40.39375,102.11875,107.8,yellow
27.6,159.4625,107.875,40.39375,102.11875,107.8,yellow
35.023809523809526,129.6547619047619,124.85119047619048,61.45238095238095,124.85119047619048,114.41071428571429,yellow
34.90625,130.39375,124.65,60.9375,124.65,114.34375,yellow
33.36309523809524,124.89285714285714,121.88095238095238,62.18452380952381,121.875,115.33928571428571,yellow
33.4875,125.9375,122.575,62.03125,122.55,115.65625,yellow
34.101190476190474,124.45833333333333,133.79761904761904,68.51785714285714,133.79761904761904,124.86309523809524,yellow
34.19375,124.95625,133.8375,68.25,133.8375,124.69375,yellow
34.708333333333336,112.35714285714286,133.01785714285714,74.42261904761905,133.01785714285714,123.92261904761905,yellow
34.54375,113.49375,133.2875,73.975,133.2875,124.40625,yellow
35.04761904761905,124.0,124.47619047619048,63.95238095238095,124.47619047619048,114.45238095238095,yellow
34.93125,126.0875,124.7375,63.05,124.7375,114.8125,yellow
27.36875,163.325,105.80625,38.11875,99.56875,105.80625,yellow
27.1875,161.5125,105.83125,38.8375,99.45625,105.81875,yellow
26.4125,167.71875,122.16875,41.71875,112.50625,122.16875,yellow
26.40625,167.19375,122.275,42.0125,112.275,122.275,yellow
26.725,165.1125,115.4,40.6375,106.99375,115.4,yellow
26.48125,164.53125,115.7,41.025,106.85,115.7,yellow
26.91875,161.3125,114.425,42.03125,106.8125,114.425,yellow
26.91875,161.3125,114.425,42.03125,106.8125,114.425,yellow
27.55625,158.6,113.6625,42.925,107.3375,113.6625,yellow
27.55625,158.6,113.6625,42.925,107.3375,113.6625,yellow
34.11309523809524,117.86309523809524,133.01785714285714,71.54761904761905,133.01785714285714,124.70238095238095,yellow
33.825,119.01875,133.05,70.975,133.05,125.16875,yellow
35.00595238095238,116.14880952380952,131.38095238095238,71.60119047619048,131.38095238095238,121.57142857142857,yellow
35.0875,116.05,131.48125,71.7125,131.48125,121.575,yellow
27.875,167.2875,107.84375,37.0875,102.51875,107.81875,yellow
27.875,167.2875,107.84375,37.0875,102.51875,107.81875,yellow
24.20625,212.85,144.86875,23.9375,121.43125,144.86875,yellow
24.25625,212.96875,144.4625,23.83125,121.375,144.4625,yellow
24.0875,213.7125,155.51875,25.19375,129.775,155.51875,yellow
23.98125,212.775,155.7375,25.825,129.7,155.7375,yellow
23.3875,204.04375,163.70625,32.85625,135.10625,163.70625,yellow
23.45,203.2875,163.55,33.3,135.20625,163.55,yellow
22.7625,202.4625,170.4,35.13125,137.85625,170.4,yellow
22.90625,202.9625,170.275,34.79375,138.20625,170.275,yellow
23.4125,215.825,147.51875,22.6625,120.1125,147.51875,yellow
23.41875,215.75625,147.65,22.7625,120.25625,147.65,yellow
26.8875,144.6375,190.88125,82.64375,179.675,190.88125,yellow
26.8875,144.6375,190.88125,82.64375,179.675,190.88125,yellow
26.398809523809526,141.05357142857142,192.16666666666666,85.86904761904762,179.57142857142858,192.16666666666666,yellow
26.410714285714285,140.67857142857142,192.16071428571428,86.125,179.74404761904762,192.16071428571428,yellow
26.775,147.00625,190.09375,80.575,178.04375,190.09375,yellow
26.775,147.00625,190.09375,80.575,178.04375,190.09375,yellow
26.767857142857142,147.0297619047619,187.24404761904762,79.32142857142857,175.57142857142858,187.24404761904762,yellow
26.767857142857142,147.0297619047619,187.24404761904762,79.32142857142857,175.57142857142858,187.24404761904762,yellow
25.64375,156.31875,189.40625,73.31875,172.4875,189.40625,yellow
25.64375,156.31875,189.40625,73.31875,172.4875,189.40625,yellow
25.30625,155.4875,189.38125,73.93125,171.575,189.38125,yellow
25.30625,155.4875,189.38125,73.93125,171.575,189.38125,yellow
26.1875,162.1125,186.4625,67.95625,171.2125,186.4625,yellow
26.1875,162.1125,186.4625,67.95625,171.2125,186.4625,yellow
25.61904761904762,159.25595238095238,186.36309523809524,69.98214285714286,169.58928571428572,186.36309523809524,yellow
25.61904761904762,159.25595238095238,186.36309523809524,69.98214285714286,169.58928571428572,186.36309523809524,yellow
23.28125,168.45,185.45625,62.99375,158.15625,185.45625,yellow
23.28125,168.45,185.45625,62.99375,158.15625,185.45625,yellow
23.65625,168.23125,183.775,62.53125,158.1375,183.775,yellow
23.65625,168.23125,183.775,62.53125,158.1375,183.775,yellow
23.33125,169.21875,187.98125,63.275,160.39375,187.98125,yellow
23.33125,169.21875,187.98125,63.275,160.39375,187.98125,yellow
23.775,214.50625,150.7,23.98125,124.46875,150.7,yellow
23.8,214.9375,150.5625,23.73125,124.4,150.5625,yellow
23.6875,214.91875,155.40625,24.48125,127.925,155.40625,yellow
23.75,216.21875,155.1875,23.6625,127.7875,155.1875,yellow
23.1,209.05625,161.93125,29.2125,131.5125,161.93125,yellow
23.325,209.71875,161.0875,28.6375,131.53125,161.0875,yellow
42.86875,134.4125,85.34375,40.325,85.34375,66.04375,yellow
23.43125,188.80625,177.28125,46.09375,149.1,177.28125,yellow
23.43125,188.80625,177.28125,46.09375,149.1,177.28125,yellow
22.9125,180.0375,180.06875,53.0375,150.1375,180.06875,yellow
22.9125,180.0375,180.06875,53.0375,150.1375,180.06875,yellow
22.75625,176.04375,183.55625,56.89375,153.23125,183.55625,yellow
22.75625,176.04375,183.55625,56.89375,153.23125,183.55625,yellow
42.86875,134.4125,85.34375,40.325,85.34375,66.04375,yellow
39.45625,119.475,81.09375,43.1,81.09375,69.00625,yellow
39.45625,119.475,81.09375,43.1,81.09375,69.00625,yellow
26.4,172.4875,104.225,33.78125,95.76875,104.225,yellow
26.6875,173.43125,104.01875,33.3375,96.2375,104.00625,yellow
26.816666666666666,172.32777777777778,101.71666666666667,33.02777777777778,94.17222222222222,101.71666666666667,yellow
26.95,174.14375,102.03125,32.4375,94.55,101.9625,yellow
26.95625,176.0,96.5625,29.975,89.75625,96.5625,yellow
26.7875,175.76875,97.29375,30.3,89.93125,97.29375,yellow
28.48125,168.11875,90.93125,30.96875,87.59375,90.7375,yellow
28.2875,168.975,90.9875,30.625,87.3125,90.875,yellow
79.95625,241.40625,70.2875,47.675,70.2875,3.7,green
79.93125,241.9625,69.975,47.34375,69.975,3.55,green
78.85625,219.69375,76.0125,51.45625,76.0125,10.76875,green
78.76875,219.8875,76.7875,51.7,76.7875,10.8375,green
79.63125,191.19375,75.46875,55.58125,75.46875,19.00625,green
79.9375,191.94375,75.425,56.25,75.425,18.78125,green
78.925,249.6375,66.4625,42.125,66.4625,1.3875,green
78.66875,248.95,66.6375,41.775,66.6375,1.55625,green
79.075,250.725,63.78125,40.65,63.78125,1.06875,green
79.26190476190476,252.51785714285714,72.83333333333333,46.63690476190476,72.83333333333333,0.7261904761904762,green
80.0,177.5,93.36875,71.43125,93.36875,28.35,green
80.20625,173.6625,93.01875,72.15,93.01875,29.70625,green
80.20625,173.6625,93.01875,72.15,93.01875,29.70625,green
121.96551724137932,22.767241379310345,170.9655172413793,170.9655172413793,156.06896551724137,157.13793103448276,green
80.91071428571429,173.64880952380952,112.30952380952381,88.79761904761905,112.30952380952381,35.857142857142854,green
80.91071428571429,173.64880952380952,112.30952380952381,88.79761904761905,112.30952380952381,35.857142857142854,green
82.21428571428571,162.42857142857142,116.17857142857143,96.91071428571429,116.17857142857143,42.19047619047619,green
82.01875,162.8625,116.2375,96.4375,116.2375,42.0,green
80.975,165.8,114.625,91.80625,114.625,40.01875,green
81.23125,165.925,114.525,92.35,114.525,39.94375,green
79.26190476190476,252.51785714285714,72.83333333333333,46.63690476190476,72.83333333333333,0.7261904761904762,green
80.58333333333333,181.7797619047619,114.25595238095238,88.35119047619048,114.25595238095238,32.791666666666664,green
80.58333333333333,181.7797619047619,114.25595238095238,88.35119047619048,114.25595238095238,32.791666666666664,green
79.975,166.3375,86.13125,67.03125,86.13125,29.9375,green
79.975,168.5625,86.38125,66.99375,86.38125,29.28125,green
79.81875,170.825,84.0875,64.6125,84.0875,27.75625,green
79.81875,170.825,84.0875,64.6125,84.0875,27.75625,green
79.6375,175.63125,86.0375,65.2125,86.0375,26.76875,green
79.73125,173.69375,85.66875,65.33125,85.66875,27.3,green
80.0,160.58125,78.79375,62.08125,78.79375,29.18125,green
80.0,160.58125,78.79375,62.08125,78.79375,29.18125,green
79.225,250.6875,67.63125,43.44375,67.63125,1.1375,green
79.225,250.6875,67.63125,43.44375,67.63125,1.1375,green
79.33125,250.525,66.3875,42.8375,66.3875,1.1625,green
79.33125,250.525,66.3875,42.8375,66.3875,1.1625,green
79.09375,242.5375,61.8,40.08125,61.8,3.0,green
79.3125,244.21875,61.7875,40.39375,61.7875,2.61875,green
79.82142857142857,239.4404761904762,70.75595238095238,47.86904761904762,70.75595238095238,4.2976190476190474,green
79.82142857142857,239.4404761904762,70.75595238095238,47.86904761904762,70.75595238095238,4.2976190476190474,green
79.90625,244.96875,67.03125,45.1,67.03125,2.65,green
79.90625,244.96875,67.03125,45.1,67.03125,2.65,green
80.08928571428571,231.78571428571428,66.74404761904762,46.45238095238095,66.74404761904762,6.113095238095238,green
80.08928571428571,231.78571428571428,66.74404761904762,46.45238095238095,66.74404761904762,6.113095238095238,green
79.8125,140.525,105.25625,85.25625,105.25625,47.2125,green
80.0,139.36875,104.6,85.3,104.6,47.3875,green
80.0,138.40625,104.375,85.20625,104.375,47.6875,green
79.8375,134.225,103.4125,84.75,103.4125,48.95,green
80.3375,146.625,106.875,86.78125,106.875,45.33125,green
80.3625,147.6625,107.0375,86.81875,107.0375,44.98125,green
79.9875,144.05625,106.34375,85.975,106.34375,46.14375,green
80.0,142.30625,106.33125,86.28125,106.33125,46.90625,green
80.24375,145.03125,107.00625,87.0,107.00625,46.11875,green
84.04166666666667,148.5297619047619,111.73214285714286,98.625,111.73214285714286,46.583333333333336,green
83.86875,149.36875,111.9125,98.60625,111.9125,46.3375,green
85.4,148.94375,111.70625,101.68125,111.70625,46.44375,green
83.29375,152.50625,112.21875,97.15,112.21875,45.075,green
83.1125,152.39375,112.5125,97.2,112.5125,45.23125,green
82.91666666666667,141.3095238095238,109.99404761904762,95.20238095238095,109.99404761904762,48.98809523809524,green
82.93452380952381,140.73809523809524,110.0952380952381,95.44642857142857,110.0952380952381,49.267857142857146,green
82.76190476190476,147.6904761904762,110.76785714285714,95.08333333333333,110.76785714285714,46.55357142857143,green
82.8625,146.7125,110.65625,95.0375,110.65625,46.95,green
82.8452380952381,146.92261904761904,109.66666666666667,94.29166666666667,109.66666666666667,46.404761904761905,green
82.70625,148.25625,111.0625,95.10625,111.0625,46.45,green
79.8625,163.7875,88.14375,68.71875,88.14375,31.46875,green
80.04375,164.575,88.375,69.15625,88.375,31.30625,green
80.25,173.00625,95.3375,74.125,95.3375,30.65,green
80.1875,174.19375,95.725,74.06875,95.725,30.30625,green
79.875,179.325,95.28125,72.3125,95.28125,28.2375,green
79.875,178.80625,95.49375,72.55,95.49375,28.53125,green
82.92857142857143,129.72619047619048,121.99404761904762,106.96428571428571,121.99404761904762,59.982142857142854,green
82.76190476190476,129.78571428571428,122.26785714285714,106.76190476190476,122.26785714285714,60.101190476190474,green
82.0,153.59375,119.38125,100.7375,119.38125,47.49375,green
82.13125,154.85,119.15625,100.55,119.15625,46.825,green
82.2797619047619,161.85714285714286,114.44047619047619,95.79761904761905,114.44047619047619,41.79761904761905,green
82.2875,161.94375,114.51875,96.025,114.51875,41.7875,green
82.49404761904762,157.53571428571428,115.38095238095238,97.80357142857143,115.38095238095238,44.101190476190474,green
82.60625,158.05625,115.38125,97.9125,115.38125,43.8375,green
83.88125,143.60625,115.63125,102.2,115.63125,50.5125,green
83.88125,143.60625,115.63125,102.2,115.63125,50.5125,green
82.2202380952381,156.29761904761904,113.22619047619048,95.35714285714286,113.22619047619048,43.851190476190474,green
82.2202380952381,156.29761904761904,113.22619047619048,95.35714285714286,113.22619047619048,43.851190476190474,green
80.15,168.73125,88.24375,68.81875,88.24375,29.80625,green
80.0,171.21875,88.33125,68.35625,88.33125,29.03125,green
79.7875,176.225,93.63125,71.36875,93.63125,28.90625,green
79.875,176.6625,93.70625,71.48125,93.70625,28.7625,green
79.95,176.375,94.4875,72.21875,94.4875,29.075,green
80.0,178.9,94.76875,72.25625,94.76875,28.28125,green
112.42857142857143,31.375,183.9375,183.9375,166.99107142857142,161.29464285714286,green
84.00625,183.975,102.51875,87.675,102.51875,28.60625,green
84.00625,183.975,102.51875,87.675,102.51875,28.60625,green
85.275,183.19375,105.4625,93.18125,105.4625,29.69375,green
85.2125,183.0375,105.40625,93.025,105.40625,29.76875,green
81.79375,185.2875,97.40625,77.8875,97.40625,26.60625,green
84.4125,187.2125,105.99375,91.375,105.99375,28.14375,green
84.4125,187.2125,105.99375,91.375,105.99375,28.14375,green
84.93125,182.39375,102.8875,90.56875,102.8875,29.30625,green
82.3,184.28333333333333,94.62777777777778,77.2611111111111,94.62777777777778,26.25,green
82.30625,184.9625,95.0,77.4125,95.0,26.1,green
80.86875,183.1125,96.0875,74.86875,96.0875,27.0625,green
80.86875,183.1125,96.0875,74.86875,96.0875,27.0625,green
84.61309523809524,182.96428571428572,101.75595238095238,88.70833333333333,101.75595238095238,28.75,green
79.9,168.825,94.4875,73.1625,94.4875,31.89375,green
80.0,169.89375,94.65,73.4,94.65,31.56875,green
82.5,155.075,119.44375,101.35,119.44375,46.79375,green
82.4125,155.16875,119.39375,101.01875,119.39375,46.7125,green
79.7,164.1625,87.39375,67.6625,87.39375,31.0875,green
81.67261904761905,171.60714285714286,117.2797619047619,95.11309523809524,117.2797619047619,38.29761904761905,green
81.78125,170.71875,117.03125,95.49375,117.03125,38.6625,green
82.58125,141.55625,122.59375,105.64375,122.59375,54.525,green
82.58125,141.9125,122.68125,105.56875,122.68125,54.4375,green
80.09375,172.025,87.8625,68.0125,87.8625,28.575,green
79.95625,171.21875,87.88125,67.85,87.88125,28.85625,green
81.6125,174.16875,113.85625,91.74375,113.85625,36.11875,green
81.6125,174.16875,113.85625,91.74375,113.85625,36.11875,green
78.59375,169.14375,87.05625,64.80625,87.05625,29.3,green
78.59375,169.14375,87.05625,64.80625,87.05625,29.3,green
79.85,171.91875,94.36875,72.5875,94.36875,30.7,green
79.75,172.65,94.50625,72.35625,94.50625,30.5,green
80.0,176.8,93.30625,71.44375,93.30625,28.59375,green
165.38125,190.16875,174.0875,107.2375,44.26875,174.0875,magenta
165.44375,189.9125,174.96875,107.8,44.71875,174.96875,magenta
166.04375,194.8375,177.275,104.7875,41.8125,177.275,magenta
165.98125,195.25625,177.41875,104.875,41.54375,177.41875,magenta
166.90625,187.99375,174.225,101.9875,45.775,174.225,magenta
167.0,187.3375,173.79375,101.4625,46.1,173.79375,magenta
172.0625,205.29375,120.99375,48.80625,23.5375,120.99375,magenta
172.0625,205.29375,120.99375,48.80625,23.5375,120.99375,magenta
171.67777777777778,200.8111111111111,113.86666666666666,49.07222222222222,24.011111111111113,113.86666666666666,magenta
171.74375,201.7,125.05625,53.5375,26.0625,125.05625,magenta
169.01875,205.79375,109.64375,53.41875,21.175,109.64375,magenta
167.3125,197.2875,141.65625,78.09375,32.025,141.65625,magenta
167.3125,196.64375,141.21875,78.125,32.3,141.21875,magenta
168.45625,190.1375,150.1375,81.2875,38.13125,150.1375,magenta
168.50625,190.15625,150.08125,81.0375,38.09375,150.08125,magenta
170.0,203.7875,94.2125,44.1875,18.6375,94.2125,magenta
170.0,203.7875,94.2125,44.1875,18.6375,94.2125,magenta
170.0,208.05,102.53125,46.9875,18.7875,102.53125,magenta
170.0,208.05,102.53125,46.9875,18.7875,102.53125,magenta
171.09375,205.04375,112.45625,49.2,22.0,112.45625,magenta
171.6625,201.7,124.93125,53.76875,26.04375,124.93125,magenta
171.09375,205.04375,112.45625,49.2,22.0,112.45625,magenta
161.25,192.15625,108.3,77.5,26.69375,108.3,magenta
161.25,192.15625,108.3,77.5,26.69375,108.3,magenta
163.1125,197.3125,118.8,78.35,26.775,118.8,magenta
163.1125,197.3125,118.8,78.35,26.775,118.8,magenta
161.2375,191.225,111.69375,80.18125,27.925,111.69375,magenta
161.2375,191.225,111.69375,80.18125,27.925,111.69375,magenta
160.19375,193.625,109.51875,81.025,26.35625,109.51875,magenta
160.19375,193.625,109.51875,81.025,26.35625,109.51875,magenta
164.45625,195.575,129.44375,81.5,30.15625,129.44375,magenta
170.8375,201.56875,135.7,61.025,28.4375,135.7,magenta
164.0125,195.70625,125.8375,80.63125,29.2375,125.8375,magenta
164.0125,195.70625,125.8375,80.63125,29.2375,125.8375,magenta
163.8375,192.83125,121.1875,78.7875,29.43125,121.1875,magenta
163.8375,192.83125,121.1875,78.7875,29.43125,121.1875,magenta
161.6,189.6125,114.39375,81.33125,29.30625,114.39375,magenta
161.6,189.6125,114.39375,81.33125,29.30625,114.39375,magenta
165.4875,189.3875,178.8125,110.2125,45.9,178.8125,magenta
165.54375,188.725,178.6625,110.14375,46.35,178.6625,magenta
165.75625,191.8,177.925,107.5625,44.08125,177.925,magenta
165.7875,191.8875,178.19375,107.7,44.08125,178.19375,magenta
166.9875,182.575,181.28125,107.65,51.40625,181.28125,magenta
167.05,182.4,181.3875,107.63125,51.525,181.3875,magenta
114.60714285714286,59.473214285714285,195.66964285714286,195.66964285714286,158.63392857142858,150.29464285714286,magenta
172.20625,206.1875,107.73125,43.66875,20.625,107.73125,magenta
172.20625,206.1875,107.73125,43.66875,20.625,107.73125,magenta
172.4375,203.24375,115.01875,46.3625,23.2375,115.01875,magenta
172.4375,203.24375,115.01875,46.3625,23.2375,115.01875,magenta
172.28125,202.5,121.95,50.73125,25.075,121.95,magenta
172.28125,202.5,121.95,50.73125,25.075,121.95,magenta
171.84375,205.65,129.55625,53.43125,25.0125,129.55625,magenta
171.84375,205.65,129.55625,53.43125,25.0125,129.55625,magenta
164.16875,193.3125,133.50625,85.75625,32.2875,133.50625,magenta
164.16875,193.3125,133.50625,85.75625,32.2875,133.50625,magenta
165.20625,197.1875,145.575,88.3875,32.95,145.575,magenta
164.93125,195.65625,138.975,86.31875,32.38125,138.975,magenta
164.93125,195.65625,138.975,86.31875,32.38125,138.975,magenta
164.3875,192.99375,131.0375,83.5,31.84375,131.0375,magenta
164.3875,192.99375,131.0375,83.5,31.84375,131.0375,magenta
162.2625,193.36875,123.58125,85.2125,29.88125,123.58125,magenta
162.2625,193.36875,123.58125,85.2125,29.88125,123.58125,magenta
162.2875,196.14375,121.89375,83.49375,28.15,121.89375,magenta
162.2875,196.14375,121.89375,83.49375,28.15,121.89375,magenta
162.775,192.5,119.275,80.75625,29.21875,119.275,magenta
162.775,192.5,119.275,80.75625,29.21875,119.275,magenta
163.725,192.19375,125.68125,82.1,30.925,125.68125,magenta
163.725,192.19375,125.68125,82.1,30.925,125.68125,magenta
165.73125,193.45625,120.5125,72.4375,29.06875,120.5125,magenta
165.4875,193.66875,120.1125,72.81875,28.86875,120.1125,magenta
167.94375,197.91875,133.7875,71.25,29.88125,133.7875,magenta
167.91875,197.25,133.14375,71.3625,30.08125,133.14375,magenta
168.43125,194.225,145.8,77.46875,34.6875,145.8,magenta
168.6125,194.24375,146.0875,77.0125,34.7625,146.0875,magenta
164.9625,197.15625,119.69375,73.46875,27.1375,119.69375,magenta
164.9625,197.71875,119.9,73.45,26.9,119.9,magenta
167.2375,196.58125,129.525,72.0,29.5875,129.525,magenta
166.94375,197.225,128.71875,72.1375,29.0875,128.71875,magenta
171.67222222222222,203.05,111.8,47.394444444444446,22.572222222222223,111.8,magenta
171.67222222222222,203.05,111.8,47.394444444444446,22.572222222222223,111.8,magenta
173.35625,204.25,115.6875,43.59375,22.94375,115.6875,magenta
173.31875,204.5625,115.84375,43.5875,22.8875,115.84375,magenta
171.85625,203.025,122.00625,51.88125,24.7875,122.00625,magenta
171.85625,203.025,122.00625,51.88125,24.7875,122.00625,magenta
171.66875,205.8125,130.00625,54.2625,25.08125,130.00625,magenta
171.66875,205.8125,130.00625,54.2625,25.08125,130.00625,magenta
168.24375,193.25,140.91875,75.95625,34.06875,140.91875,magenta
168.26875,194.1375,141.0375,75.6625,33.59375,141.0375,magenta
171.65,204.125,102.9125,43.81875,20.425,102.9125,magenta
171.65,204.125,102.9125,43.81875,20.425,102.9125,magenta
172.23125,201.93125,109.475,45.43125,22.61875,109.475,magenta
172.23125,201.93125,109.475,45.43125,22.61875,109.475,magenta
172.18125,202.5,116.18125,48.30625,23.78125,116.18125,magenta
172.18125,202.5,116.18125,48.30625,23.78125,116.18125,magenta
173.3625,206.80625,126.225,46.6,23.81875,126.225,magenta
164.08125,196.14375,122.825,78.275,28.225,122.825,magenta
164.08125,196.14375,122.825,78.275,28.225,122.825,magenta
163.44375,194.01875,112.9125,74.50625,27.0,112.9125,magenta
163.44375,194.01875,112.9125,74.50625,27.0,112.9125,magenta
161.1125,193.45625,108.7625,77.9625,26.2375,108.7625,magenta
161.1125,193.45625,108.7625,77.9625,26.2375,108.7625,magenta
161.15,192.05,109.1875,78.51875,26.95625,109.1875,magenta
161.15,192.05,109.1875,78.51875,26.95625,109.1875,magenta
162.0888888888889,191.53333333333333,108.37222222222222,75.2388888888889,26.994444444444444,108.37222222222222,magenta
162.0888888888889,191.53333333333333,108.37222222222222,75.2388888888889,26.994444444444444,108.37222222222222,magenta
165.38125,192.83125,127.475,78.01875,31.075,127.475,magenta
165.38125,192.83125,127.475,78.01875,31.075,127.475,magenta
164.56875,193.7625,126.80625,79.6875,30.45625,126.80625,magenta
161.75,188.45,115.11875,81.41875,30.0125,115.11875,magenta
161.75,188.45,115.11875,81.41875,30.0125,115.11875,magenta
166.7,192.45625,132.83125,76.89375,32.5125,132.83125,magenta
166.5375,192.7,132.76875,77.425,32.36875,132.76875,magenta
166.69375,192.8625,136.83125,79.0375,33.2375,136.83125,magenta
166.7,192.55,136.7125,78.86875,33.38125,136.7125,magenta
166.31875,194.93125,138.70625,80.8125,32.6125,138.70625,magenta
166.14375,195.1875,138.825,81.43125,32.55625,138.825,magenta
168.31875,192.01875,143.68125,77.5375,35.41875,143.68125,magenta
168.1875,191.93125,143.325,77.7875,35.38125,143.325,magenta
169.65555555555557,202.51666666666668,86.90555555555555,41.84444444444444,17.7,86.90555555555555,magenta
169.65555555555557,202.51666666666668,86.90555555555555,41.84444444444444,17.7,86.90555555555555,magenta
170.0375,202.3125,90.49375,42.8375,18.66875,90.49375,magenta
170.0375,202.3125,90.49375,42.8375,18.66875,90.49375,magenta
170.1,205.51875,99.925,46.325,19.36875,99.925,magenta
170.1,205.51875,99.925,46.325,19.36875,99.925,magenta
169.01875,205.79375,109.64375,53.41875,21.175,109.64375,magenta
99.2375,252.3125,111.3875,111.3875,77.15625,1.2,cyan
99.3625,252.64375,111.93125,111.93125,77.1625,1.0625,cyan
99.275,252.4125,105.475,105.475,72.89375,1.1,cyan
99.25,252.775,105.28125,105.28125,72.94375,0.93125,cyan
99.0875,252.7375,99.6375,99.6375,69.58125,0.89375,cyan
99.43125,251.95,100.6,100.6,69.2625,1.20625,cyan
99.2,252.75625,101.4875,101.4875,70.58125,0.925,cyan
99.2625,252.68125,101.5375,101.5375,70.38125,0.925,cyan
99.8125,253.09375,108.575,108.575,73.38125,0.825,cyan
97.64375,252.56875,111.09375,111.09375,83.03125,1.075,cyan
97.325,252.45,109.30625,109.30625,83.00625,1.15,cyan
97.28125,253.0,109.56875,109.56875,83.28125,0.9125,cyan
97.21875,253.11875,108.74375,108.74375,82.7375,0.8375,cyan
97.3875,253.25625,109.16875,109.16875,82.73125,0.76875,cyan
96.34375,251.45625,92.95,92.95,73.4625,1.3125,cyan
96.175,252.46875,92.86875,92.86875,73.9375,0.93125,cyan
95.49375,252.26875,94.2375,94.2375,77.0375,1.0125,cyan
95.575,251.55625,94.06875,94.06875,76.65625,1.275,cyan
95.3875,252.86875,96.84375,96.84375,79.45,0.80625,cyan
99.75625,253.35,108.9,108.9,73.49375,0.73125,cyan
95.4875,252.6875,97.34375,97.34375,79.41875,0.89375,cyan
93.93125,252.08125,75.48125,75.48125,66.00625,0.8875,cyan
94.06547619047619,251.83333333333334,80.14285714285714,80.14285714285714,69.27380952380952,1.0297619047619047,cyan
94.0375,251.9625,80.1,80.1,69.3375,1.0,cyan
95.2875,251.8,86.3375,86.3375,71.25,1.0875,cyan
95.2375,252.2375,86.20625,86.20625,70.9375,0.95625,cyan
119.5,37.260416666666664,180.47916666666666,180.47916666666666,156.0,155.4375,cyan
101.60625,252.79375,128.16875,128.16875,78.90625,1.125,cyan
101.775,252.15625,121.95625,121.95625,74.45625,1.40625,cyan
101.65,253.225,121.9625,121.9625,74.94375,0.8875,cyan
98.73125,252.06875,96.7,96.7,68.96875,1.11875,cyan
101.225,253.30625,115.5875,115.5875,72.425,0.78125,cyan
101.25,253.19375,115.91875,115.91875,72.675,0.8625,cyan
100.60555555555555,253.36666666666667,114.12777777777778,114.12777777777778,73.8,0.7666666666666667,cyan
100.55625,253.35,113.65625,113.65625,73.725,0.76875,cyan
101.425,252.89375,125.45,125.45,78.09375,1.05625,cyan
101.425,253.48125,125.78125,125.78125,78.3,0.7625,cyan
102.11875,252.8375,125.70625,125.70625,75.45,1.0875,cyan
102.125,253.225,126.19375,126.19375,75.38125,0.8875,cyan
100.39375,252.9875,108.8875,108.8875,71.2375,0.88125,cyan
100.39375,252.61875,108.775,108.775,71.34375,1.0375,cyan
98.69375,251.40625,96.85,96.85,69.05625,1.38125,cyan
100.15625,252.1875,108.05,108.05,71.8375,1.2125,cyan
100.15625,252.1875,108.05,108.05,71.8375,1.2125,cyan
101.70625,253.2,119.8875,119.8875,73.26875,0.8875,cyan
101.1375,252.9,115.26875,115.26875,72.70625,0.975,cyan
101.1625,252.9375,114.9125,114.9125,72.65,0.9625,cyan
102.15,252.69375,120.69375,120.69375,72.3875,1.15,cyan
102.09375,252.85,120.39375,120.39375,72.40625,1.06875,cyan
98.98125,251.9625,90.875,90.875,63.94375,1.075,cyan
99.30625,252.38125,94.275,94.275,65.2625,0.98125,cyan
99.30625,252.7375,94.83125,94.83125,65.55625,0.85,cyan
98.5625,252.36875,97.63125,97.63125,69.95,1.01875,cyan
99.85,252.43125,98.63125,98.63125,66.4375,1.0,cyan
99.9625,252.06875,98.5875,98.5875,66.16875,1.1375,cyan
98.5625,252.36875,97.63125,97.63125,69.95,1.01875,cyan
100.5111111111111,252.9611111111111,110.37777777777778,110.37777777777778,71.98333333333333,0.9222222222222223,cyan
100.5125,252.96875,110.28125,110.28125,72.00625,0.9,cyan
99.33125,253.4375,103.05625,103.05625,71.08125,0.6375,cyan
99.5,253.19375,103.425,103.425,70.725,0.75,cyan
99.40625,253.13125,102.05625,102.05625,70.13125,0.76875,cyan
100.16875,252.0625,104.9375,104.9375,69.63125,1.23125,cyan
100.025,252.6125,104.64375,104.64375,69.79375,0.99375,cyan
96.73125,250.98125,81.4,81.4,63.4375,1.30625,cyan
96.75,251.90625,81.5,81.5,63.49375,0.99375,cyan
96.71875,253.0125,82.41875,82.41875,64.0,0.64375,cyan
96.5875,251.8375,82.04375,82.04375,64.15,1.0375,cyan
98.2375,251.825,88.26875,88.26875,64.34375,1.125,cyan
99.01875,253.48125,91.03125,91.03125,63.875,0.525,cyan
95.95625,251.79375,97.86875,97.86875,78.675,1.24375,cyan
100.15,252.88125,92.875,92.875,61.45625,0.76875,cyan
100.225,252.7125,92.9625,92.9625,61.40625,0.81875,cyan
99.38125,252.34375,84.24375,84.24375,58.18125,0.875,cyan
99.575,252.18125,84.75,84.75,58.0375,0.95,cyan
99.275,253.55625,80.7375,80.7375,55.8625,0.475,cyan
99.1,253.14375,80.39375,80.39375,56.01875,0.6125,cyan
99.83125,252.08125,91.29375,91.29375,61.68125,1.0375,cyan
99.93125,252.65625,91.90625,91.90625,61.8625,0.8375,cyan
98.49375,252.21875,83.74375,83.74375,60.56875,0.93125,cyan
98.49375,252.21875,83.74375,83.74375,60.56875,0.93125,cyan
98.2625,252.30625,84.6375,84.6375,61.55,0.9125,cyan
98.29375,252.46875,84.5875,84.5875,61.48125,0.84375,cyan
99.8,252.81875,87.8,87.8,59.44375,0.75625,cyan
99.83125,251.69375,87.35,87.35,59.14375,1.15,cyan
99.80625,252.675,81.7875,81.7875,55.125,0.7375,cyan
99.775,253.075,81.7875,81.7875,55.13125,0.60625,cyan
98.7,252.85,86.73125,86.73125,61.8375,0.725,cyan
98.7,252.85,86.73125,86.73125,61.8375,0.725,cyan
100.44375,252.33125,84.6125,84.6125,55.275,0.9125,cyan
100.49375,252.325,84.85,84.85,55.41875,0.9125,cyan
97.85119047619048,252.35714285714286,72.38690476190476,72.38690476190476,53.416666666666664,0.7619047619047619,cyan
97.825,252.0125,71.98125,71.98125,53.38125,0.85,cyan
95.71875,252.1375,97.75,97.75,79.1625,1.11875,cyan
96.7,252.3,100.50625,100.50625,78.43125,1.06875,cyan
96.5875,252.3125,100.36875,100.36875,78.59375,1.0875,cyan
96.03125,252.425,96.1375,96.1375,76.9,0.975,cyan
95.9125,253.04375,96.0875,96.0875,76.88125,0.74375,cyan
97.28333333333333,252.83333333333334,102.7388888888889,102.7388888888889,78.1,0.9055555555555556,cyan
97.4125,251.81875,103.15,103.15,78.0625,1.30625,cyan
96.95,252.96875,103.84375,103.84375,79.83125,0.85,cyan
97.05625,252.34375,103.88125,103.88125,79.7,1.10625,cyan
96.93125,252.9,102.86875,102.86875,79.23125,0.86875,cyan
96.8375,252.16875,102.60625,102.60625,79.225,1.13125,cyan
96.025,252.08125,82.8875,82.8875,66.51875,0.95625,cyan
96.025,252.08125,82.8875,82.8875,66.51875,0.95625,cyan
97.275,252.04375,103.63125,103.63125,78.7375,1.23125,cyan
97.3375,252.5125,105.90625,105.90625,80.2375,1.025,cyan
97.43125,253.175,106.70625,106.70625,80.4,0.775,cyan
95.525,252.625,82.76875,82.76875,67.625,0.7875,cyan
95.525,252.625,82.76875,82.76875,67.625,0.7875,cyan
95.56875,253.05625,89.66875,89.66875,72.9375,0.66875,cyan
95.56875,253.05625,89.66875,89.66875,72.9375,0.66875,cyan
91.93452380952381,251.55357142857142,66.77380952380952,66.44642857142857,62.18452380952381,0.9047619047619048,cyan
91.92857142857143,251.33928571428572,66.95238095238095,66.77380952380952,62.476190476190474,0.9702380952380952,cyan
92.88095238095238,252.28571428571428,71.31547619047619,71.2797619047619,64.5,0.7738095238095238,cyan
93.08125,251.725,71.7375,71.69375,64.4,0.91875,cyan
94.25,251.82142857142858,77.19642857142857,77.19642857142857,66.45238095238095,0.9880952380952381,cyan
94.33333333333333,251.86904761904762,77.57142857142857,77.57142857142857,66.49404761904762,0.9702380952380952,cyan
95.9875,251.0875,91.51875,91.51875,73.53125,1.375,cyan
95.81875,251.49375,91.25625,91.25625,73.78125,1.21875,cyan
94.9125,251.71875,80.79375,80.79375,67.825,1.03125,cyan
94.71875,252.60625,80.84375,80.84375,68.14375,0.76875,cyan
96.60625,253.6,107.54375,107.54375,83.9375,0.63125,cyan
95.5875,253.15,94.90625,94.90625,77.15,0.66875,cyan
95.625,253.0625,94.75,94.75,77.00625,0.70625,cyan
94.75,252.05,87.9375,87.9375,73.76875,1.0125,cyan
94.7125,252.81875,87.3625,87.3625,73.54375,0.73125,cyan
94.15625,253.08125,85.225,85.225,72.98125,0.64375,cyan
94.2125,253.26875,84.9875,84.9875,72.8,0.575,cyan
95.99375,252.76875,104.16875,104.16875,83.66875,0.93125,cyan
95.85,253.025,103.75,103.75,83.58125,0.8375,cyan
96.3,252.5375,102.775,102.775,81.36875,1.01875,cyan
96.45625,252.0,103.34375,103.34375,81.3375,1.275,cyan
96.3375,252.225,101.3625,101.3625,80.20625,1.13125,cyan
96.65,252.1625,102.5125,102.5125,79.95,1.18125,cyan
96.56111111111112,252.13888888888889,104.20555555555555,104.20555555555555,81.45555555555555,1.1888888888888889,cyan
96.5875,252.81875,104.325,104.325,81.54375,0.9125,cyan
96.98125,252.9125,109.68125,109.68125,84.3875,0.93125,cyan
96.90625,253.13125,109.9,109.9,84.43125,0.8375,cyan
97.69375,252.7875,111.26875,111.26875,82.85625,0.99375,cyan
